timestamp,temperature,humidity,wind_speed,description,city
2025-01-28 14:47:13.790756,26.79,41,1.54,few clouds,Bengaluru
2025-01-28 14:47:56.398493,26.79,41,1.54,few clouds,
2025-01-28 14:48:24.309841,26.79,41,1.54,few clouds,Bangalore
2025-01-28 14:48:28.008621,26.79,41,1.54,few clouds,
2025-01-28 14:48:43.294037,27.24,40,1.54,few clouds,
2025-01-28 14:48:55.118612,27.24,40,1.54,few clouds,
2025-01-28 14:49:50.445477,27.24,40,1.54,few clouds,
2025-01-28 14:51:16.169799,27.24,40,1.54,few clouds,
2025-01-28 14:51:22.366907,27.24,40,1.54,few clouds,
2025-01-28 14:52:56.384392,27.24,40,1.54,few clouds,
2025-01-28 14:53:27.922320,27.24,40,1.54,few clouds,
2025-01-28 14:53:43.219199,27.24,40,1.54,few clouds,
2025-01-28 14:53:56.256824,27.24,40,1.54,few clouds,
2025-01-28 14:54:12.368539,27.24,40,1.54,few clouds,Bangalore
2025-01-28 14:54:50.488731,27.24,40,1.54,few clouds,
2025-01-28 14:56:16.219101,27.24,40,1.54,few clouds,
2025-01-28 14:56:22.338989,27.24,40,1.54,few clouds,
2025-01-28 14:57:56.339316,27.24,40,1.54,few clouds,
2025-01-28 14:58:28.014472,27.24,40,1.54,few clouds,
2025-01-28 14:58:43.300433,27.24,40,1.54,few clouds,
2025-01-28 14:58:55.093122,27.94,33,4.12,few clouds,
2025-01-28 14:59:50.442452,27.94,33,4.12,few clouds,
2025-01-28 15:01:16.222578,27.94,33,4.12,few clouds,
2025-01-28 15:01:22.338632,27.94,33,4.12,few clouds,
2025-01-28 15:02:56.334827,27.94,33,4.12,few clouds,
2025-01-28 15:03:27.985371,27.94,33,4.12,few clouds,
2025-01-28 15:03:43.294414,27.94,33,4.12,few clouds,
2025-01-28 15:03:55.179531,27.94,33,4.12,few clouds,
2025-01-28 15:04:50.498037,27.94,33,4.12,few clouds,
2025-01-28 15:05:25.467398,27.94,33,4.12,few clouds,Bangalore
2025-01-28 15:05:28.124742,27.94,33,4.12,few clouds,Bangalore
2025-01-28 15:06:16.167083,27.94,33,4.12,few clouds,
2025-01-28 15:06:22.349586,27.94,33,4.12,few clouds,
2025-01-28 15:07:56.447306,27.94,33,4.12,few clouds,
2025-01-28 15:08:28.001564,27.94,33,4.12,few clouds,
2025-01-28 15:08:43.260103,27.94,33,4.12,few clouds,
2025-01-28 15:08:55.158292,28.09,32,4.12,few clouds,
2025-01-28 15:09:50.459893,28.09,32,4.12,few clouds,
2025-01-28 15:11:16.169702,28.09,32,4.12,few clouds,
2025-01-28 15:11:23.358290,28.09,32,4.12,few clouds,
2025-01-28 15:12:56.483864,27.88,32,4.12,few clouds,
2025-01-28 15:13:27.985302,27.88,32,4.12,few clouds,
2025-01-28 15:13:43.265629,27.88,32,4.12,few clouds,
2025-01-28 15:13:55.155345,27.88,32,4.12,few clouds,
2025-01-28 15:14:50.506079,27.88,32,4.12,few clouds,
2025-01-28 15:15:48.396564,29.15,65,3.09,haze,Chennai
2025-01-28 15:16:16.231017,27.88,32,4.12,few clouds,
2025-01-28 15:16:16.422246,25.97,44,3.09,haze,Kolkata
2025-01-28 15:16:22.349463,27.88,32,4.12,few clouds,
2025-01-28 15:17:56.392827,28.09,32,4.12,few clouds,
2025-01-28 15:18:12.743232,29.99,48,5.14,smoke,Mumbai
2025-01-28 15:18:27.939372,28.09,32,4.12,few clouds
2025-01-28 15:18:43.303439,28.09,32,4.12,few clouds
2025-01-28 15:18:55.159576,28.09,32,4.12,few clouds
2025-01-28 15:19:50.449840,28.24,32,1.54,few clouds
2025-01-28 15:21:16.391976,28.24,32,1.54,few clouds
2025-01-28 15:21:22.355565,28.24,32,1.54,few clouds
2025-01-28 15:22:56.640727,28.24,32,1.54,few clouds
2025-01-28 15:23:27.963175,28.24,32,1.54,few clouds
2025-01-28 15:23:43.226595,28.24,32,1.54,few clouds
2025-01-28 15:23:55.156106,28.24,32,1.54,few clouds
2025-01-28 15:24:50.692339,28.24,32,1.54,few clouds
2025-01-28 15:26:12.361517,28.24,32,1.54,few clouds,Bengaluru
2025-01-28 15:26:17.181935,28.24,32,1.54,few clouds
2025-01-28 15:26:22.349643,28.24,32,1.54,few clouds
2025-01-28 15:27:57.514429,28.24,32,1.54,few clouds
2025-01-28 15:28:27.990139,28.24,32,1.54,few clouds
2025-01-28 15:28:43.308772,28.24,32,1.54,few clouds
2025-01-28 15:28:55.121571,28.24,32,1.54,few clouds
2025-01-28 15:29:50.435614,28.24,32,1.54,few clouds
2025-01-28 15:30:51.758919,28.33,32,1.54,few clouds,Bengaluru
2025-01-28 15:31:12.352954,28.33,32,1.54,few clouds,Bengaluru
2025-01-28 15:31:16.244866,28.33,32,1.54,few clouds
2025-01-28 15:31:22.456455,28.33,32,1.54,few clouds
2025-01-28 15:32:56.375983,28.33,32,1.54,few clouds
2025-01-28 15:33:27.988998,28.33,32,1.54,few clouds
2025-01-28 15:33:43.300072,28.33,32,1.54,few clouds
2025-01-28 15:33:55.153669,28.33,32,1.54,few clouds
2025-01-28 15:34:50.447378,28.33,32,1.54,few clouds
2025-01-28 15:35:51.687256,28.33,32,1.54,few clouds,Bengaluru
2025-01-28 15:36:12.355422,28.33,32,1.54,few clouds,Bengaluru
2025-01-28 15:36:16.209978,28.33,32,1.54,few clouds
2025-01-28 15:36:22.399919,28.33,32,1.54,few clouds
2025-01-28 15:37:56.361408,28.33,32,1.54,few clouds
2025-01-28 15:38:28.015991,28.33,32,1.54,few clouds
2025-01-28 15:38:40.217006,28.33,32,1.54,few clouds,Bengaluru
2025-01-28 15:38:43.221956,28.33,32,1.54,few clouds
2025-01-28 15:38:55.104666,28.33,32,1.54,few clouds
2025-01-28 15:39:42.561196,28.33,32,1.54,few clouds,Bengaluru
2025-01-28 15:39:50.569214,28.33,32,1.54,few clouds
2025-01-28 15:40:51.672310,28.43,32,1.54,few clouds,Bengaluru
2025-01-28 15:41:12.345855,28.43,32,1.54,few clouds,Bengaluru
2025-01-28 15:41:13.077031,28.43,32,1.54,few clouds,Bengaluru
2025-01-28 15:41:16.226265,28.43,32,1.54,few clouds
2025-01-28 15:41:22.349329,28.43,32,1.54,few clouds
2025-01-28 15:42:56.353607,28.43,31,1.54,few clouds
2025-01-28 15:43:27.995592,28.43,31,1.54,few clouds
2025-01-28 15:43:37.635653,28.43,31,1.54,few clouds,Bengaluru
2025-01-28 15:43:40.270908,28.43,31,1.54,few clouds,Bengaluru
2025-01-28 15:43:43.225113,28.43,31,1.54,few clouds
2025-01-28 15:43:55.096093,28.43,31,1.54,few clouds
2025-01-28 15:44:24.462890,28.43,31,1.54,few clouds,Bengaluru
2025-01-28 15:44:42.616401,28.43,31,1.54,few clouds,Bengaluru
2025-01-28 15:44:50.501640,28.43,31,1.54,few clouds
2025-01-28 15:45:51.754056,28.43,31,1.54,few clouds,Bengaluru
2025-01-28 15:46:12.404139,28.43,31,1.54,few clouds,Bengaluru
2025-01-28 15:46:13.078693,28.43,31,1.54,few clouds,Bengaluru
2025-01-28 15:46:16.217381,28.43,31,1.54,few clouds
2025-01-28 15:46:22.410658,28.43,31,1.54,few clouds
2025-01-28 15:47:56.430139,28.43,32,1.54,few clouds
2025-01-28 15:48:27.924289,28.43,32,1.54,few clouds
2025-01-28 15:48:37.557401,28.43,32,1.54,few clouds,Bengaluru
2025-01-28 15:48:40.265199,28.43,32,1.54,few clouds,Bengaluru
2025-01-28 15:48:43.286420,28.43,32,1.54,few clouds
2025-01-28 15:48:55.101441,28.43,32,1.54,few clouds
2025-01-28 15:49:07.191834,28.43,32,1.54,few clouds,Bengaluru
2025-01-28 15:49:24.523893,28.43,32,1.54,few clouds,Bengaluru
2025-01-28 15:49:42.609563,28.43,32,1.54,few clouds,Bengaluru
2025-01-28 15:49:50.467034,28.43,32,1.54,few clouds
2025-01-28 15:50:51.739125,28.43,32,1.54,few clouds,Bengaluru
2025-01-28 15:51:12.348064,28.14,32,1.54,few clouds,Bengaluru
2025-01-28 15:51:13.138229,28.14,32,1.54,few clouds,Bengaluru
2025-01-28 15:51:16.213909,28.14,32,1.54,few clouds
2025-01-28 15:51:22.334245,28.14,32,1.54,few clouds
2025-01-28 15:52:09.762285,28.14,32,1.54,few clouds,Bengaluru
2025-01-28 15:52:41.257429,28.14,32,1.54,few clouds,Bengaluru
2025-01-28 15:52:56.349924,28.14,32,1.54,few clouds
2025-01-28 15:53:27.947784,28.14,32,1.54,few clouds
2025-01-28 15:53:37.636751,28.14,32,1.54,few clouds,Bengaluru
2025-01-28 15:53:40.204131,28.14,32,1.54,few clouds,Bengaluru
2025-01-28 15:53:43.233460,28.14,32,1.54,few clouds
2025-01-28 15:53:55.137485,28.14,32,1.54,few clouds
2025-01-28 15:54:07.248711,28.14,32,1.54,few clouds,Bengaluru
2025-01-28 15:54:24.513940,28.14,32,1.54,few clouds,Bengaluru
2025-01-28 15:54:42.599130,28.14,32,1.54,few clouds,Bengaluru
2025-01-28 15:54:50.491688,28.14,32,1.54,few clouds
2025-01-28 15:55:51.676939,28.14,32,1.54,few clouds,Bengaluru
2025-01-28 15:56:12.389269,28.14,32,1.54,few clouds,Bengaluru
2025-01-28 15:56:13.136619,28.14,32,1.54,few clouds,Bengaluru
2025-01-28 15:56:16.160274,28.14,32,1.54,few clouds
2025-01-28 15:56:22.336277,28.14,32,1.54,few clouds
2025-01-28 15:57:09.815377,28.14,32,1.54,few clouds,Bengaluru
2025-01-28 15:57:41.294998,28.14,32,1.54,few clouds,Bengaluru
2025-01-28 15:57:42.528232,28.14,32,1.54,few clouds,Bengaluru
2025-01-28 15:57:56.324085,28.14,32,1.54,few clouds
2025-01-28 15:58:27.930726,28.14,32,1.54,few clouds
2025-01-28 15:58:37.640232,28.14,32,1.54,few clouds,Bengaluru
2025-01-28 15:58:40.221307,28.14,32,1.54,few clouds,Bengaluru
2025-01-28 15:58:43.221678,28.14,32,1.54,few clouds
2025-01-28 15:58:55.333984,28.14,32,1.54,few clouds
2025-01-28 15:59:07.248899,28.14,32,1.54,few clouds,Bengaluru
2025-01-28 15:59:24.516182,28.14,32,1.54,few clouds,Bengaluru
2025-01-28 15:59:40.345484,28.14,32,1.54,few clouds,Bengaluru
2025-01-28 15:59:42.547787,28.14,32,1.54,few clouds,Bengaluru
2025-01-28 15:59:50.444579,28.14,32,1.54,few clouds
2025-01-28 16:00:51.676798,28.14,32,1.54,few clouds,Bengaluru
2025-01-28 16:01:12.392989,28.14,32,1.54,few clouds,Bengaluru
2025-01-28 16:01:13.081096,28.14,32,1.54,few clouds,Bengaluru
2025-01-28 16:01:16.231935,28.14,32,1.54,few clouds
2025-01-28 16:01:22.357471,28.14,32,1.54,few clouds
2025-01-28 16:02:09.765417,28.07,32,1.54,few clouds,Bengaluru
2025-01-28 16:02:41.342283,28.07,32,1.54,few clouds,Bengaluru
2025-01-28 16:02:42.542699,28.07,32,1.54,few clouds,Bengaluru
2025-01-28 16:02:56.327490,28.07,32,1.54,few clouds
2025-01-28 16:03:27.950577,28.07,32,1.54,few clouds
2025-01-28 16:03:37.579444,28.07,32,1.54,few clouds,Bengaluru
2025-01-28 16:03:40.204288,28.07,32,1.54,few clouds,Bengaluru
2025-01-28 16:03:43.301177,28.07,32,1.54,few clouds
2025-01-28 16:03:55.147976,28.07,32,1.54,few clouds
2025-01-28 16:04:07.217214,28.07,32,1.54,few clouds,Bengaluru
2025-01-28 16:04:24.443445,28.07,32,1.54,few clouds,Bengaluru
2025-01-28 16:04:40.439013,28.07,32,1.54,few clouds,Bengaluru
2025-01-28 16:04:42.615016,28.07,32,1.54,few clouds,Bengaluru
2025-01-28 16:04:50.505061,28.07,32,1.54,few clouds
2025-01-28 16:05:51.709601,28.07,32,1.54,few clouds,Bengaluru
2025-01-28 16:06:12.333496,28.07,32,1.54,few clouds,Bengaluru
2025-01-28 16:06:13.140979,28.07,32,1.54,few clouds,Bengaluru
2025-01-28 16:06:16.232188,28.07,32,1.54,few clouds
2025-01-28 16:06:22.353231,28.07,32,1.54,few clouds
2025-01-28 16:06:39.001067,28.07,32,1.54,few clouds,Bengaluru
2025-01-28 16:07:09.829873,28.07,32,1.54,few clouds,Bengaluru
2025-01-28 16:07:28.856552,28.07,32,1.54,few clouds,Bengaluru
2025-01-28 16:07:41.334071,28.07,32,1.54,few clouds,Bengaluru
2025-01-28 16:07:42.596366,28.07,32,1.54,few clouds,Bengaluru
2025-01-28 16:07:56.410792,28.07,32,1.54,few clouds
2025-01-28 16:08:27.949039,28.07,32,1.54,few clouds
2025-01-28 16:08:37.590486,28.07,32,1.54,few clouds,Bengaluru
2025-01-28 16:08:40.316168,28.07,32,1.54,few clouds,Bengaluru
2025-01-28 16:08:43.325294,28.07,32,1.54,few clouds
2025-01-28 16:08:55.154685,28.07,32,1.54,few clouds
2025-01-28 16:09:07.272541,28.07,32,1.54,few clouds,Bengaluru
2025-01-28 16:09:24.521900,28.07,32,1.54,few clouds,Bengaluru
2025-01-28 16:09:40.402586,28.07,32,1.54,few clouds,Bengaluru
2025-01-28 16:09:42.616731,28.07,32,1.54,few clouds,Bengaluru
2025-01-28 16:09:50.446133,28.07,32,1.54,few clouds
2025-01-28 16:10:38.410106,28.07,32,1.54,few clouds,Bengaluru
2025-01-28 16:10:51.687937,28.07,32,1.54,few clouds,Bengaluru
2025-01-28 16:11:12.333240,28.07,32,1.54,few clouds,Bengaluru
2025-01-28 16:11:13.141103,28.07,32,1.54,few clouds,Bengaluru
2025-01-28 16:11:16.218608,28.07,32,1.54,few clouds
2025-01-28 16:11:22.359328,28.07,32,1.54,few clouds
2025-01-28 16:11:38.964096,28.07,32,1.54,few clouds,Bengaluru
2025-01-28 16:11:41.973163,28.07,32,1.54,few clouds,Bengaluru
2025-01-28 16:12:09.772243,28.07,32,1.54,few clouds,Bengaluru
2025-01-28 16:12:14.506759,26.67,42,4.37,broken clouds,Bengaluru
2025-01-28 16:12:28.861688,26.67,42,4.37,broken clouds,Bengaluru
2025-01-28 16:12:41.281544,26.67,42,4.37,broken clouds,Bengaluru
2025-01-28 16:12:42.594144,26.67,42,4.37,broken clouds,Bengaluru
2025-01-28 16:12:56.404072,26.67,42,4.37,broken clouds
2025-01-28 16:13:27.920071,26.67,42,4.37,broken clouds
2025-01-28 16:13:35.726945,26.67,42,4.37,broken clouds,Bengaluru
2025-01-28 16:13:37.586191,26.67,42,4.37,broken clouds,Bengaluru
2025-01-28 16:13:40.220707,26.67,42,4.37,broken clouds,Bengaluru
2025-01-28 16:13:43.297646,26.67,42,4.37,broken clouds
2025-01-28 16:13:50.947906,26.67,42,4.37,broken clouds,Bengaluru
2025-01-28 16:13:55.089586,26.67,42,4.37,broken clouds
2025-01-28 16:14:07.217982,26.67,42,4.37,broken clouds,Bengaluru
2025-01-28 16:14:24.480037,26.67,42,4.37,broken clouds,Bengaluru
2025-01-28 16:14:40.377079,26.67,42,4.37,broken clouds,Bengaluru
2025-01-28 16:14:42.544424,26.67,42,4.37,broken clouds,Bengaluru
2025-01-28 16:14:50.437492,26.67,42,4.37,broken clouds
2025-01-28 16:15:03.020400,26.67,42,4.37,broken clouds,Bengaluru
2025-01-28 16:15:15.874637,26.67,42,4.37,broken clouds,Bengaluru
2025-01-28 16:15:34.479989,26.67,42,4.37,broken clouds,Bengaluru
2025-01-28 16:15:38.398996,26.67,42,4.37,broken clouds,Bengaluru
2025-01-28 16:15:51.751253,26.67,42,4.37,broken clouds,Bengaluru
2025-01-28 16:16:12.347933,26.67,42,4.37,broken clouds,Bengaluru
2025-01-28 16:16:13.107648,26.67,42,4.37,broken clouds,Bengaluru
2025-01-28 16:16:16.170780,26.67,42,4.37,broken clouds
2025-01-28 16:16:22.409651,26.67,42,4.37,broken clouds
2025-01-28 16:16:38.952645,26.67,42,4.37,broken clouds,Bengaluru
2025-01-28 16:16:42.033065,26.67,42,4.37,broken clouds,Bengaluru
2025-01-28 16:23:41.917656,26.67,41,4.37,broken clouds,Bengaluru
2025-01-28 16:23:55.255334,26.67,41,4.37,broken clouds,Bengaluru
2025-01-28 16:24:56.748640,26.67,41,4.37,broken clouds,Bengaluru
2025-01-28 16:25:44.538294,26.67,41,4.37,broken clouds,Bengaluru
2025-01-28 16:26:09.061741,26.67,41,4.37,broken clouds,Bengaluru
2025-01-28 16:26:45.710320,26.67,41,4.37,broken clouds,Bengaluru
2025-01-28 16:27:20.952353,26.67,41,4.37,broken clouds,Bengaluru
2025-01-28 16:28:41.785857,26.67,41,4.37,broken clouds,Bengaluru
2025-01-28 16:28:55.322240,26.67,41,4.37,broken clouds,Bengaluru
2025-01-28 16:29:12.680945,26.67,41,4.37,broken clouds,Bengaluru
2025-01-28 16:29:24.856411,26.67,41,4.37,broken clouds,Bengaluru
2025-01-28 16:29:56.718117,26.67,41,4.37,broken clouds,Bengaluru
2025-01-28 16:30:41.084674,26.67,41,4.37,broken clouds,Bengaluru
2025-01-28 16:30:44.576205,26.67,41,4.37,broken clouds,Bengaluru
2025-01-28 16:30:51.800470,26.67,41,4.37,broken clouds,Bengaluru
2025-01-28 16:31:09.063655,26.67,41,4.37,broken clouds,Bengaluru
2025-01-28 16:31:45.743061,26.67,41,4.37,broken clouds,Bengaluru
2025-01-28 16:31:48.236030,27.18,39,1.54,few clouds,Bengaluru
2025-01-28 16:32:20.941948,27.18,39,1.54,few clouds,Bengaluru
2025-01-28 16:33:41.847205,27.18,39,1.54,few clouds,Bengaluru
2025-01-28 16:33:55.284791,27.18,39,1.54,few clouds,Bengaluru
2025-01-28 16:34:12.681361,27.18,39,1.54,few clouds,Bengaluru
2025-01-28 16:34:24.790091,27.18,39,1.54,few clouds,Bengaluru
2025-01-28 16:34:56.712051,27.18,39,1.54,few clouds,Bengaluru
2025-01-28 16:35:41.074427,27.18,39,1.54,few clouds,Bengaluru
2025-01-28 16:35:44.535794,27.18,39,1.54,few clouds,Bengaluru
2025-01-28 16:35:51.725364,27.18,39,1.54,few clouds,Bengaluru
2025-01-28 16:36:09.063979,27.18,39,1.54,few clouds,Bengaluru
2025-01-28 16:36:45.663885,27.18,39,1.54,few clouds,Bengaluru
2025-01-28 16:36:48.192910,27.18,39,1.54,few clouds,Bengaluru
2025-01-28 16:37:21.008516,27.18,39,1.54,few clouds,Bengaluru
2025-01-28 16:38:10.907567,27.18,39,1.54,few clouds,Bengaluru
2025-01-28 16:38:41.774635,27.18,39,1.54,few clouds,Bengaluru
2025-01-28 16:38:55.261925,27.18,39,1.54,few clouds,Bengaluru
2025-01-28 16:39:12.746615,27.18,39,1.54,few clouds,Bengaluru
2025-01-28 16:39:24.883610,27.18,39,1.54,few clouds,Bengaluru
2025-01-28 16:39:56.722092,27.18,39,1.54,few clouds,Bengaluru
2025-01-28 16:40:35.870811,27.18,39,1.54,few clouds,Bengaluru
2025-01-28 16:40:41.093896,27.18,39,1.54,few clouds,Bengaluru
2025-01-28 16:40:44.544288,27.18,39,1.54,few clouds,Bengaluru
2025-01-28 16:40:51.765147,27.18,39,1.54,few clouds,Bengaluru
2025-01-28 16:41:09.012314,27.18,39,1.54,few clouds,Bengaluru
2025-01-28 16:41:40.142921,27.18,39,1.54,few clouds,Bengaluru
2025-01-28 16:41:45.665916,27.18,39,1.54,few clouds,Bengaluru
2025-01-28 16:41:48.193777,27.18,39,1.54,few clouds,Bengaluru
2025-01-28 16:42:20.945283,27.25,39,1.54,few clouds,Bengaluru
2025-01-28 16:42:24.263528,27.25,39,1.54,few clouds,Bengaluru
2025-01-28 16:43:07.282948,27.25,39,1.54,few clouds,Bengaluru
2025-01-28 16:43:10.902556,27.25,39,1.54,few clouds,Bengaluru
2025-01-28 16:43:41.770157,27.25,39,1.54,few clouds,Bengaluru
2025-01-28 16:43:55.284917,27.25,39,1.54,few clouds,Bengaluru
2025-01-28 16:44:12.792400,27.25,39,1.54,few clouds,Bengaluru
2025-01-28 16:44:24.855532,27.25,39,1.54,few clouds,Bengaluru
2025-01-28 16:44:56.664514,27.25,39,1.54,few clouds,Bengaluru
2025-01-28 16:45:35.867644,27.25,39,1.54,few clouds,Bengaluru
2025-01-28 16:45:41.090339,27.25,39,1.54,few clouds,Bengaluru
2025-01-28 16:45:44.594909,27.25,39,1.54,few clouds,Bengaluru
2025-01-28 16:45:51.721533,27.25,39,1.54,few clouds,Bengaluru
2025-01-28 16:45:58.315186,27.25,39,1.54,few clouds,Bengaluru
2025-01-28 16:46:08.997916,27.25,39,1.54,few clouds,Bengaluru
2025-01-28 16:46:40.145473,27.25,39,1.54,few clouds,Bengaluru
2025-01-28 16:46:45.663123,27.25,39,1.54,few clouds,Bengaluru
2025-01-28 16:46:48.189509,27.25,39,1.54,few clouds,Bengaluru
2025-01-28 16:47:20.942088,27.25,39,1.54,few clouds,Bengaluru
2025-01-28 16:47:24.222045,27.25,39,1.54,few clouds,Bengaluru
2025-01-28 16:48:07.357833,27.25,39,1.54,few clouds,Bengaluru
2025-01-28 16:48:11.022975,27.25,39,1.54,few clouds,Bengaluru
2025-01-28 16:48:41.767303,27.25,39,1.54,few clouds,Bengaluru
2025-01-28 16:48:55.300855,27.25,39,1.54,few clouds,Bengaluru
2025-01-28 16:49:12.703545,27.25,39,1.54,few clouds,Bengaluru
2025-01-28 16:49:24.901136,27.25,39,1.54,few clouds,Bengaluru
2025-01-28 16:49:56.649838,27.25,39,1.54,few clouds,Bengaluru
2025-01-28 16:50:35.934671,27.25,39,1.54,few clouds,Bengaluru
2025-01-28 16:50:41.028185,27.25,39,1.54,few clouds,Bengaluru
2025-01-28 16:50:44.520530,27.25,39,1.54,few clouds,Bengaluru
2025-01-28 16:50:51.823638,27.25,39,1.54,few clouds,Bengaluru
2025-01-28 16:50:58.343871,27.25,39,1.54,few clouds,Bengaluru
2025-01-28 16:51:09.003499,27.25,39,1.54,few clouds,Bengaluru
2025-01-28 16:51:40.176534,27.25,39,1.54,few clouds,Bengaluru
2025-01-28 16:51:45.719358,27.25,39,1.54,few clouds,Bengaluru
2025-01-28 16:51:48.196082,27.25,39,1.54,few clouds,Bengaluru
2025-01-28 16:52:20.937309,27.25,39,1.54,few clouds,Bengaluru
2025-01-28 16:52:24.282848,27.25,39,1.54,few clouds,Bengaluru
2025-01-28 16:53:07.362484,27.27,39,1.54,few clouds,Bengaluru
2025-01-28 16:53:10.857149,27.27,39,1.54,few clouds,Bengaluru
2025-01-28 16:53:41.825233,27.27,39,1.54,few clouds,Bengaluru
2025-01-28 16:53:55.248354,27.27,39,1.54,few clouds,Bengaluru
2025-01-28 16:54:12.673630,27.27,39,1.54,few clouds,Bengaluru
2025-01-28 16:54:24.845538,27.27,39,1.54,few clouds,Bengaluru
2025-01-28 16:54:35.103261,27.27,39,1.54,few clouds,Bengaluru
2025-01-28 16:54:56.715496,27.27,39,1.54,few clouds,Bengaluru
2025-01-28 16:55:35.871259,27.27,39,1.54,few clouds,Bengaluru
2025-01-28 16:55:41.103721,27.27,39,1.54,few clouds,Bengaluru
2025-01-28 16:55:44.567998,27.27,39,1.54,few clouds,Bengaluru
2025-01-28 16:55:51.776802,27.27,39,1.54,few clouds,Bengaluru
2025-01-28 16:55:58.382792,27.27,39,1.54,few clouds,Bengaluru
2025-01-28 16:56:09.000642,27.27,39,1.54,few clouds,Bengaluru
2025-01-28 16:56:40.112855,27.27,39,1.54,few clouds,Bengaluru
2025-01-28 16:56:45.659596,27.27,39,1.54,few clouds,Bengaluru
2025-01-28 16:56:48.245058,27.27,39,1.54,few clouds,Bengaluru
2025-01-28 16:57:20.936340,27.27,39,1.54,few clouds,Bengaluru
2025-01-28 16:57:24.271216,27.27,39,1.54,few clouds,Bengaluru
2025-01-28 16:58:07.531784,27.27,39,1.54,few clouds,Bengaluru
2025-01-28 16:58:10.846188,27.27,39,1.54,few clouds,Bengaluru
2025-01-28 16:58:41.770837,27.27,39,1.54,few clouds,Bengaluru
2025-01-28 16:58:55.298023,27.27,39,1.54,few clouds,Bengaluru
2025-01-28 16:59:12.818215,27.27,39,1.54,few clouds,Bengaluru
2025-01-28 16:59:24.855542,27.27,39,1.54,few clouds,Bengaluru
2025-01-28 16:59:35.088903,27.27,39,1.54,few clouds,Bengaluru
2025-01-28 16:59:56.671803,27.27,39,1.54,few clouds,Bengaluru
2025-01-28 17:00:35.863363,27.27,39,1.54,few clouds,Bengaluru
2025-01-28 17:00:41.037619,27.27,39,1.54,few clouds,Bengaluru
2025-01-28 17:00:44.592651,27.27,39,1.54,few clouds,Bengaluru
2025-01-28 17:00:51.783995,27.27,39,1.54,few clouds,Bengaluru
2025-01-28 17:00:58.321579,27.27,39,1.54,few clouds,Bengaluru
2025-01-28 17:01:09.049475,27.27,39,1.54,few clouds,Bengaluru
2025-01-28 17:01:40.123998,27.27,39,1.54,few clouds,Bengaluru
2025-01-28 17:01:45.821680,27.27,39,1.54,few clouds,Bengaluru
2025-01-28 17:01:48.248311,27.27,39,1.54,few clouds,Bengaluru
2025-01-28 17:02:20.943182,27.27,39,1.54,few clouds,Bengaluru
2025-01-28 17:02:24.268702,27.27,39,1.54,few clouds,Bengaluru
2025-01-28 17:02:31.738876,28.57,65,3.6,haze,Chennai
2025-01-28 17:02:40.992328,27.27,39,1.54,few clouds,Bangalore
2025-01-28 17:03:07.315534,27.27,39,1.54,few clouds,Bengaluru
2025-01-28 17:03:10.887860,27.27,39,1.54,few clouds,Bengaluru
2025-01-28 17:03:41.755573,27.27,39,1.54,few clouds,Bengaluru
2025-01-28 17:03:55.310711,27.27,39,1.54,few clouds,Bengaluru
2025-01-28 17:04:12.731584,27.27,39,1.54,few clouds,Bengaluru
2025-01-28 17:04:24.800441,27.27,39,1.54,few clouds,Bengaluru
2025-01-28 17:04:35.154358,27.27,39,1.54,few clouds,Bengaluru
2025-01-28 17:04:56.716618,27.27,39,1.54,few clouds,Bengaluru
2025-01-28 17:05:35.867983,27.27,39,1.54,few clouds,Bengaluru
2025-01-28 17:05:41.031691,27.27,39,1.54,few clouds,Bengaluru
2025-01-28 17:05:44.527659,27.27,39,1.54,few clouds,Bengaluru
2025-01-28 17:05:51.793946,27.27,39,1.54,few clouds,Bengaluru
2025-01-28 17:05:58.314519,27.27,39,1.54,few clouds,Bengaluru
2025-01-28 17:06:09.053099,27.27,39,1.54,few clouds,Bengaluru
2025-01-28 17:06:40.161738,27.27,39,1.54,few clouds,Bengaluru
2025-01-28 17:06:45.711167,27.27,39,1.54,few clouds,Bengaluru
2025-01-28 17:06:48.235875,27.27,39,1.54,few clouds,Bengaluru
2025-01-28 17:07:20.948886,27.27,39,1.54,few clouds,Bengaluru
2025-01-28 17:07:24.217109,27.27,39,1.54,few clouds,Bengaluru
2025-01-28 17:08:07.300275,27.27,39,1.54,few clouds,Bengaluru
2025-01-28 17:08:10.849650,27.27,39,1.54,few clouds,Bengaluru
2025-01-28 17:08:41.761420,27.27,39,1.54,few clouds,Bengaluru
2025-01-28 17:08:55.310738,27.27,39,1.54,few clouds,Bengaluru
2025-01-28 17:09:12.665327,27.27,39,1.54,few clouds,Bengaluru
2025-01-28 17:09:24.834832,27.27,39,1.54,few clouds,Bengaluru
2025-01-28 17:09:35.148451,27.27,39,1.54,few clouds,Bengaluru
2025-01-28 17:09:56.764538,27.27,39,1.54,few clouds,Bengaluru
2025-01-28 17:10:35.875488,27.27,39,1.54,few clouds,Bengaluru
2025-01-28 17:10:41.030725,27.27,39,1.54,few clouds,Bengaluru
2025-01-28 17:10:44.530699,27.27,39,1.54,few clouds,Bengaluru
2025-01-28 17:10:51.789336,27.27,39,1.54,few clouds,Bengaluru
2025-01-28 17:10:58.311414,27.27,39,1.54,few clouds,Bengaluru
2025-01-28 17:11:09.044933,27.27,39,1.54,few clouds,Bengaluru
2025-01-28 17:11:40.165596,27.27,39,1.54,few clouds,Bengaluru
2025-01-28 17:11:45.654513,27.27,39,1.54,few clouds,Bengaluru
2025-01-28 17:11:48.241036,27.27,39,1.54,few clouds,Bengaluru
2025-01-28 17:12:20.939635,27.27,39,1.54,few clouds,Bengaluru
2025-01-28 17:12:24.224351,27.27,39,1.54,few clouds,Bengaluru
2025-01-28 17:13:07.341045,27.27,39,1.54,few clouds,Bengaluru
2025-01-28 17:13:10.902300,27.27,39,1.54,few clouds,Bengaluru
2025-01-28 17:13:41.764519,27.27,39,1.54,few clouds,Bengaluru
2025-01-28 17:13:55.303833,26.76,42,4.38,broken clouds,Bengaluru
2025-01-28 17:14:12.679067,26.76,42,4.38,broken clouds,Bengaluru
2025-01-28 17:14:24.834595,26.76,42,4.38,broken clouds,Bengaluru
2025-01-28 17:14:35.104517,26.76,42,4.38,broken clouds,Bengaluru
2025-01-28 17:14:56.779967,26.76,42,4.38,broken clouds,Bengaluru
2025-01-28 17:15:35.923144,26.76,42,4.38,broken clouds,Bengaluru
2025-01-28 17:15:41.080345,26.76,42,4.38,broken clouds,Bengaluru
2025-01-28 17:15:44.580694,26.76,42,4.38,broken clouds,Bengaluru
2025-01-28 17:15:51.773090,26.76,42,4.38,broken clouds,Bengaluru
2025-01-28 17:15:58.351809,26.76,42,4.38,broken clouds,Bengaluru
2025-01-28 17:16:09.059909,26.76,42,4.38,broken clouds,Bengaluru
2025-01-28 17:16:40.107440,26.76,42,4.38,broken clouds,Bengaluru
2025-01-28 17:16:45.653415,26.76,42,4.38,broken clouds,Bengaluru
2025-01-28 17:16:48.237978,26.76,42,4.38,broken clouds,Bengaluru
2025-01-28 17:17:21.009108,26.76,42,4.38,broken clouds,Bengaluru
2025-01-28 17:17:24.208748,26.76,42,4.38,broken clouds,Bengaluru
2025-01-28 17:18:07.278046,26.76,42,4.38,broken clouds,Bengaluru
2025-01-28 17:18:10.841787,26.76,42,4.38,broken clouds,Bengaluru
2025-01-28 17:18:41.836982,26.76,42,4.38,broken clouds,Bengaluru
2025-01-28 17:18:55.307188,26.76,42,4.38,broken clouds,Bengaluru
2025-01-28 17:19:12.729270,26.76,42,4.38,broken clouds,Bengaluru
2025-01-28 17:19:24.854143,26.76,42,4.38,broken clouds,Bengaluru
2025-01-28 17:19:35.165198,26.76,42,4.38,broken clouds,Bengaluru
2025-01-28 17:19:56.681163,26.76,42,4.38,broken clouds,Bengaluru
2025-01-28 17:20:35.891887,26.76,42,4.38,broken clouds,Bengaluru
2025-01-28 17:20:41.031437,26.76,42,4.38,broken clouds,Bengaluru
2025-01-28 17:20:44.587480,26.76,42,4.38,broken clouds,Bengaluru
2025-01-28 17:20:51.722010,26.76,42,4.38,broken clouds,Bengaluru
2025-01-28 17:20:58.312846,26.76,42,4.38,broken clouds,Bengaluru
2025-01-28 17:21:09.015965,26.76,42,4.38,broken clouds,Bengaluru
2025-01-28 17:21:40.164803,26.76,42,4.38,broken clouds,Bengaluru
2025-01-28 17:21:45.731065,26.76,42,4.38,broken clouds,Bengaluru
2025-01-28 17:21:48.177446,26.76,42,4.38,broken clouds,Bengaluru
2025-01-28 17:22:20.935922,26.76,42,4.38,broken clouds,Bengaluru
2025-01-28 17:22:24.212371,26.76,42,4.38,broken clouds,Bengaluru
2025-01-28 17:23:07.332746,26.76,42,4.38,broken clouds,Bengaluru
2025-01-28 17:23:10.941382,26.76,42,4.38,broken clouds,Bengaluru
2025-01-28 17:23:41.866121,26.76,42,4.38,broken clouds,Bengaluru
2025-01-28 17:23:55.303065,26.76,42,4.38,broken clouds,Bengaluru
2025-01-28 17:24:12.665620,26.76,42,4.38,broken clouds,Bengaluru
2025-01-28 17:24:24.777078,26.76,42,4.38,broken clouds,Bengaluru
2025-01-28 17:24:35.099932,26.76,42,4.38,broken clouds,Bengaluru
2025-01-28 17:24:56.735996,26.76,42,4.38,broken clouds,Bengaluru
2025-01-28 17:25:36.130654,26.76,42,4.38,broken clouds,Bengaluru
2025-01-28 17:25:41.025696,26.76,42,4.38,broken clouds,Bengaluru
2025-01-28 17:25:44.522044,26.76,42,4.38,broken clouds,Bengaluru
2025-01-28 17:25:51.776563,26.76,42,4.38,broken clouds,Bengaluru
2025-01-28 17:25:58.313928,26.76,42,4.38,broken clouds,Bengaluru
2025-01-28 17:26:09.001561,26.96,39,3.09,few clouds,Bengaluru
2025-01-28 17:26:40.182494,26.96,39,3.09,few clouds,Bengaluru
2025-01-28 17:26:45.669193,26.96,39,3.09,few clouds,Bengaluru
2025-01-28 17:26:48.175732,26.96,39,3.09,few clouds,Bengaluru
2025-01-28 17:27:20.987523,26.96,39,3.09,few clouds,Bengaluru
2025-01-28 17:27:24.284120,26.96,39,3.09,few clouds,Bengaluru
2025-01-28 17:28:07.273544,26.96,39,3.09,few clouds,Bengaluru
2025-01-28 17:28:10.897930,26.96,39,3.09,few clouds,Bengaluru
2025-01-28 17:28:41.834663,26.96,39,3.09,few clouds,Bengaluru
2025-01-28 17:28:55.249258,26.96,39,3.09,few clouds,Bengaluru
2025-01-28 17:29:12.673475,26.96,39,3.09,few clouds,Bengaluru
2025-01-28 17:29:24.851566,26.96,39,3.09,few clouds,Bengaluru
2025-01-28 17:29:35.091944,26.96,39,3.09,few clouds,Bengaluru
2025-01-28 17:29:56.658519,26.96,39,3.09,few clouds,Bengaluru
2025-01-28 17:30:35.947205,26.96,39,3.09,few clouds,Bengaluru
2025-01-28 17:30:41.098051,26.96,39,3.09,few clouds,Bengaluru
2025-01-28 17:30:44.524946,26.96,39,3.09,few clouds,Bengaluru
2025-01-28 17:30:51.719125,26.96,39,3.09,few clouds,Bengaluru
2025-01-28 17:30:58.319789,26.96,39,3.09,few clouds,Bengaluru
2025-01-28 17:31:09.063145,26.96,39,3.09,few clouds,Bengaluru
2025-01-28 17:31:40.115691,26.96,39,3.09,few clouds,Bengaluru
2025-01-28 17:31:45.673628,26.96,39,3.09,few clouds,Bengaluru
2025-01-28 17:31:48.184990,26.96,39,3.09,few clouds,Bengaluru
2025-01-28 17:32:20.935176,26.96,39,3.09,few clouds,Bengaluru
2025-01-28 17:32:24.218197,26.96,39,3.09,few clouds,Bengaluru
2025-01-28 17:33:07.311047,26.96,39,3.09,few clouds,Bengaluru
2025-01-28 17:55:13.019819,26.77,41,3.09,few clouds,Bangalore
2025-01-28 17:56:31.855660,27.49,69,4.12,haze,Chennai
2025-01-28 17:57:01.348107,26.99,69,3.09,smoke,Mumbai
2025-01-28 17:57:46.351395,23.97,50,1.54,haze,Kolkata
2025-01-28 17:58:10.908441,26.27,43,3.09,few clouds,Bengaluru
2025-01-28 17:58:41.259821,27.49,69,4.12,haze,Chennai
2025-01-28 17:58:41.837942,26.27,43,3.09,few clouds,Bengaluru
2025-01-28 17:58:48.933948,21.05,37,2.06,haze,Delhi
2025-01-28 17:58:55.253182,26.27,43,3.09,few clouds,Bengaluru
2025-01-28 17:58:56.959018,28.23,39,3.6,few clouds,Hyderabad
2025-01-28 17:59:12.723963,26.27,43,3.09,few clouds,Bengaluru
2025-01-28 17:59:14.045963,31.43,23,2.15,overcast clouds,Pune
2025-01-28 17:59:24.832184,26.27,43,3.09,few clouds,Bengaluru
2025-01-28 17:59:28.712827,18.7,28,1.68,clear sky,Lucknow
2025-01-28 17:59:35.104076,26.27,43,3.09,few clouds,Bengaluru
2025-01-28 17:59:56.929700,26.27,43,3.09,few clouds,Bengaluru
2025-01-28 18:00:35.940946,26.27,43,3.09,few clouds,Bengaluru
2025-01-28 18:00:41.066539,26.27,43,3.09,few clouds,Bengaluru
2025-01-28 18:00:44.575410,26.27,43,3.09,few clouds,Bengaluru
2025-01-28 18:00:51.773278,26.27,43,3.09,few clouds,Bengaluru
2025-01-28 18:00:58.473599,26.27,43,3.09,few clouds,Bengaluru
2025-01-28 18:01:09.069025,26.27,43,3.09,few clouds,Bengaluru
2025-01-28 18:01:39.398682,22.62,25,2.06,scattered clouds,Jaipur
2025-01-28 18:01:40.255472,26.27,43,3.09,few clouds,Bengaluru
2025-01-28 18:01:45.756328,26.27,43,3.09,few clouds,Bengaluru
2025-01-28 18:01:48.270313,26.27,43,3.09,few clouds,Bengaluru
2025-01-28 18:02:21.099299,26.27,43,3.09,few clouds,Bengaluru
2025-01-28 18:02:24.391589,26.27,43,3.09,few clouds,Bengaluru
2025-01-28 18:03:07.417711,26.27,43,3.09,few clouds,Bengaluru
2025-01-28 18:03:10.989733,26.27,43,3.09,few clouds,Bengaluru
2025-01-28 18:03:41.987678,26.27,43,3.09,few clouds,Bengaluru
2025-01-28 18:03:55.425379,26.27,43,3.09,few clouds,Bengaluru
2025-01-28 18:04:12.921687,26.27,43,3.09,few clouds,Bengaluru
2025-01-28 18:04:25.009086,26.27,43,3.09,few clouds,Bengaluru
2025-01-28 18:04:35.346523,26.27,43,3.09,few clouds,Bengaluru
2025-01-28 18:04:56.866977,26.27,43,3.09,few clouds,Bengaluru
2025-01-28 18:05:36.135826,26.27,43,3.09,few clouds,Bengaluru
2025-01-28 18:05:41.238914,26.27,43,3.09,few clouds,Bengaluru
2025-01-28 18:05:44.757210,26.27,43,3.09,few clouds,Bengaluru
2025-01-28 18:05:51.887199,26.27,43,3.09,few clouds,Bengaluru
2025-01-28 18:05:58.976244,26.27,43,3.09,few clouds,Bengaluru
2025-01-28 18:06:09.189886,26.27,43,3.09,few clouds,Bengaluru
2025-01-28 18:06:40.229562,26.27,43,3.09,few clouds,Bengaluru
2025-01-28 18:06:41.496799,26.27,43,3.09,few clouds,Bangalore
2025-01-28 18:06:45.781464,26.27,43,3.09,few clouds,Bengaluru
2025-01-28 18:06:48.292964,26.27,43,3.09,few clouds,Bengaluru
2025-01-28 18:07:21.028187,26.29,44,3.09,few clouds,Bengaluru
2025-01-28 18:07:24.310509,26.29,44,3.09,few clouds,Bengaluru
2025-01-28 18:08:07.330550,26.29,44,3.09,few clouds,Bengaluru
2025-01-28 18:08:10.961061,26.29,44,3.09,few clouds,Bengaluru
2025-01-28 18:08:41.823344,26.29,44,3.09,few clouds,Bengaluru
2025-01-28 18:08:55.321842,26.29,44,3.09,few clouds,Bengaluru
2025-01-28 18:09:12.686383,26.29,44,3.09,few clouds,Bengaluru
2025-01-28 18:09:24.841080,26.29,44,3.09,few clouds,Bengaluru
2025-01-28 18:09:26.346753,27.47,69,4.12,haze,Chennai
2025-01-28 18:09:35.157242,26.29,44,3.09,few clouds,Bengaluru
2025-01-28 18:09:37.705423,21.05,37,2.06,haze,Delhi
2025-01-28 18:09:42.809502,18.7,28,1.68,clear sky,Lucknow
2025-01-28 18:09:56.717183,26.29,44,3.09,few clouds,Bengaluru
2025-01-28 18:10:11.680470,26.29,44,3.09,few clouds,Bangalore
2025-01-28 18:10:19.004934,28.28,29,1.19,overcast clouds,Pune
2025-01-28 18:10:26.372829,27.47,69,4.12,haze,Chennai
2025-01-28 18:10:34.189579,28.28,29,1.19,overcast clouds,Pune
2025-01-28 18:10:35.915932,26.29,44,3.09,few clouds,Bengaluru
2025-01-28 18:10:41.025366,26.29,44,3.09,few clouds,Bengaluru
2025-01-28 18:10:44.527023,26.29,44,3.09,few clouds,Bengaluru
2025-01-28 18:10:49.348412,26.99,54,3.6,smoke,Mumbai
2025-01-28 18:10:51.756356,26.29,44,3.09,few clouds,Bengaluru
2025-01-28 18:10:58.357521,26.29,44,3.09,few clouds,Bengaluru
2025-01-28 18:11:01.956500,28.23,39,3.09,clear sky,Hyderabad
2025-01-28 18:11:09.071838,26.29,44,3.09,few clouds,Bengaluru
2025-01-28 18:11:40.223379,26.26,45,3.09,few clouds,Bengaluru
2025-01-28 18:11:45.675269,26.26,45,3.09,few clouds,Bengaluru
2025-01-28 18:11:48.163101,26.26,45,3.09,few clouds,Bengaluru
2025-01-28 18:12:20.982778,26.26,45,3.09,few clouds,Bengaluru
2025-01-28 18:12:24.214810,26.26,45,3.09,few clouds,Bengaluru
2025-01-28 18:13:07.315823,26.26,45,3.09,few clouds,Bengaluru
2025-01-28 18:13:10.903659,26.26,45,3.09,few clouds,Bengaluru
2025-01-28 18:13:41.770683,26.26,45,3.09,few clouds,Bengaluru
2025-01-28 18:13:55.293058,26.26,45,3.09,few clouds,Bengaluru
2025-01-28 18:14:12.735360,26.26,45,3.09,few clouds,Bengaluru
2025-01-28 18:14:24.771767,26.26,45,3.09,few clouds,Bengaluru
2025-01-28 18:14:35.096041,26.26,45,3.09,few clouds,Bengaluru
2025-01-28 18:14:56.657884,26.26,45,3.09,few clouds,Bengaluru
2025-01-28 18:15:35.919695,26.26,45,3.09,few clouds,Bengaluru
2025-01-28 18:15:41.143720,26.26,45,3.09,few clouds,Bengaluru
2025-01-28 18:15:44.586723,26.26,45,3.09,few clouds,Bengaluru
2025-01-28 18:15:51.717927,26.26,45,3.09,few clouds,Bengaluru
2025-01-28 18:15:58.301991,26.26,45,3.09,few clouds,Bengaluru
2025-01-28 18:16:08.990504,26.26,45,3.09,few clouds,Bengaluru
2025-01-28 18:16:40.118328,26.29,44,3.09,few clouds,Bengaluru
2025-01-28 18:16:45.701715,26.29,44,3.09,few clouds,Bengaluru
2025-01-28 18:16:48.229944,26.29,44,3.09,few clouds,Bengaluru
2025-01-28 18:17:20.951164,26.29,44,3.09,few clouds,Bengaluru
2025-01-28 18:17:24.209337,26.26,45,3.09,few clouds,Bengaluru
2025-01-28 18:18:07.338804,26.26,45,3.09,few clouds,Bengaluru
2025-01-28 18:18:10.887521,26.26,45,3.09,few clouds,Bengaluru
2025-01-28 18:18:41.769806,26.26,45,3.09,few clouds,Bengaluru
2025-01-28 18:18:55.240668,26.26,45,3.09,few clouds,Bengaluru
2025-01-28 18:19:12.733769,26.26,45,3.09,few clouds,Bengaluru
2025-01-28 18:19:24.837748,26.26,45,3.09,few clouds,Bengaluru
2025-01-28 18:19:35.083476,26.26,45,3.09,few clouds,Bengaluru
2025-01-28 18:19:56.659720,26.26,45,3.09,few clouds,Bengaluru
2025-01-28 18:20:35.929513,26.26,45,3.09,few clouds,Bengaluru
2025-01-28 18:20:41.215208,26.26,45,3.09,few clouds,Bengaluru
2025-01-28 18:20:44.515490,26.26,45,3.09,few clouds,Bengaluru
2025-01-28 18:20:51.774676,26.26,45,3.09,few clouds,Bengaluru
2025-01-28 18:20:58.357673,25.93,38,3.09,few clouds,Bengaluru
2025-01-28 18:21:09.068434,25.93,38,3.09,few clouds,Bengaluru
2025-01-28 18:21:40.215168,26.26,45,3.09,few clouds,Bengaluru
2025-01-28 18:21:45.706419,26.26,45,3.09,few clouds,Bengaluru
2025-01-28 18:21:48.257490,26.26,45,3.09,few clouds,Bengaluru
2025-01-28 18:22:20.997170,26.26,45,3.09,few clouds,Bengaluru
2025-01-28 18:22:24.271910,26.26,45,3.09,few clouds,Bengaluru
2025-01-28 18:23:07.483608,26.26,45,3.09,few clouds,Bengaluru
2025-01-28 18:23:10.901435,26.26,45,3.09,few clouds,Bengaluru
2025-01-28 18:23:41.825525,26.26,45,3.09,few clouds,Bengaluru
2025-01-28 18:23:55.249322,26.26,45,3.09,few clouds,Bengaluru
2025-01-28 18:24:12.683105,26.26,45,3.09,few clouds,Bengaluru
2025-01-28 18:24:24.846085,26.26,45,3.09,few clouds,Bengaluru
2025-01-28 18:24:35.100713,26.26,45,3.09,few clouds,Bengaluru
2025-01-28 18:24:56.657100,26.26,45,3.09,few clouds,Bengaluru
2025-01-28 18:25:35.938296,26.26,45,3.09,few clouds,Bengaluru
2025-01-28 18:25:41.045468,26.26,45,3.09,few clouds,Bengaluru
2025-01-28 18:25:44.573981,26.26,45,3.09,few clouds,Bengaluru
2025-01-28 18:25:51.756514,26.26,45,3.09,few clouds,Bengaluru
2025-01-28 18:25:58.383824,26.26,45,3.09,few clouds,Bengaluru
2025-01-28 18:26:09.050649,26.26,45,3.09,few clouds,Bengaluru
2025-01-28 18:26:40.175713,25.93,38,3.09,few clouds,Bengaluru
2025-01-28 18:26:45.748579,25.93,38,3.09,few clouds,Bengaluru
2025-01-28 18:26:48.175465,25.93,38,3.09,few clouds,Bengaluru
2025-01-28 18:27:20.945544,25.93,38,3.09,few clouds,Bengaluru
2025-01-28 18:27:24.203755,25.93,38,3.09,few clouds,Bengaluru
2025-01-28 18:28:07.274305,25.2,41,3.09,overcast clouds,Bengaluru
2025-01-28 18:28:10.908324,25.2,41,3.09,overcast clouds,Bengaluru
2025-01-28 18:28:41.823281,25.2,41,3.09,overcast clouds,Bengaluru
2025-01-28 18:28:55.295477,25.2,41,3.09,overcast clouds,Bengaluru
2025-01-28 18:29:12.679385,25.2,41,3.09,overcast clouds,Bengaluru
2025-01-28 18:29:24.835257,25.2,41,3.09,overcast clouds,Bengaluru
2025-01-28 18:29:35.158017,25.2,41,3.09,overcast clouds,Bengaluru
2025-01-28 18:29:56.670044,25.2,41,3.09,overcast clouds,Bengaluru
2025-01-28 18:30:35.866576,25.2,41,3.09,overcast clouds,Bengaluru
2025-01-28 18:30:41.095885,25.2,41,3.09,overcast clouds,Bengaluru
2025-01-28 18:30:44.597594,25.2,41,3.09,overcast clouds,Bengaluru
2025-01-28 18:30:51.858959,25.2,41,3.09,overcast clouds,Bengaluru
2025-01-28 18:30:58.362852,25.2,41,3.09,overcast clouds,Bengaluru
2025-01-28 18:31:09.004947,25.2,41,3.09,overcast clouds,Bengaluru
2025-01-28 18:31:40.105869,25.2,41,3.09,overcast clouds,Bengaluru
2025-01-28 18:31:45.673745,25.2,41,3.09,overcast clouds,Bengaluru
2025-01-28 18:31:48.221423,25.2,41,3.09,overcast clouds,Bengaluru
2025-01-28 18:32:20.949278,25.2,41,3.09,overcast clouds,Bengaluru
2025-01-28 18:32:24.229784,25.2,41,3.09,overcast clouds,Bengaluru
2025-01-28 18:33:07.281985,25.2,41,3.09,overcast clouds,Bengaluru
2025-01-28 18:33:10.912003,25.2,41,3.09,overcast clouds,Bengaluru
2025-01-28 18:33:41.785518,25.2,41,3.09,overcast clouds,Bengaluru
2025-01-28 18:33:55.254858,25.2,41,3.09,overcast clouds,Bengaluru
2025-01-28 18:34:12.683820,25.2,41,3.09,overcast clouds,Bengaluru
2025-01-28 18:34:24.789222,25.2,41,3.09,overcast clouds,Bengaluru
2025-01-28 18:34:35.166329,25.2,41,3.09,overcast clouds,Bengaluru
2025-01-28 18:34:56.727089,25.2,41,3.09,overcast clouds,Bengaluru
2025-01-28 18:35:35.934753,25.2,41,3.09,overcast clouds,Bengaluru
2025-01-28 18:35:41.085,25.2,41,3.09,overcast clouds,Bengaluru
2025-01-28 18:35:44.606982,25.2,41,3.09,overcast clouds,Bengaluru
2025-01-28 18:35:51.883540,25.2,41,3.09,overcast clouds,Bengaluru
2025-01-28 18:35:58.316550,25.2,41,3.09,overcast clouds,Bengaluru
2025-01-28 18:36:09.006068,25.2,41,3.09,overcast clouds,Bengaluru
2025-01-28 18:36:40.210285,25.2,41,3.09,overcast clouds,Bengaluru
2025-01-28 18:36:45.657485,25.2,41,3.09,overcast clouds,Bengaluru
2025-01-28 18:36:48.178150,25.2,41,3.09,overcast clouds,Bengaluru
2025-01-28 18:37:20.929486,25.2,41,3.09,overcast clouds,Bengaluru
2025-01-28 18:37:24.217039,25.2,41,3.09,overcast clouds,Bengaluru
2025-01-28 18:38:07.338670,25.2,41,3.09,overcast clouds,Bengaluru
2025-01-28 18:38:10.839493,25.12,42,3.09,overcast clouds,Bengaluru
2025-01-28 18:38:41.775477,25.12,42,3.09,overcast clouds,Bengaluru
2025-01-28 18:38:55.262071,25.12,42,3.09,overcast clouds,Bengaluru
2025-01-28 18:39:12.736917,25.12,42,3.09,overcast clouds,Bengaluru
2025-01-28 18:39:24.776871,25.12,42,3.09,overcast clouds,Bengaluru
2025-01-28 18:39:35.142883,25.12,42,3.09,overcast clouds,Bengaluru
2025-01-28 18:39:56.698319,25.12,42,3.09,overcast clouds,Bengaluru
2025-01-28 18:40:35.869550,25.12,42,3.09,overcast clouds,Bengaluru
2025-01-28 18:40:41.012636,25.12,42,3.09,overcast clouds,Bengaluru
2025-01-28 18:40:44.574762,25.12,42,3.09,overcast clouds,Bengaluru
2025-01-28 18:40:51.738241,25.12,42,3.09,overcast clouds,Bengaluru
2025-01-28 18:40:58.386497,25.12,42,3.09,overcast clouds,Bengaluru
2025-01-28 18:41:08.979293,25.12,42,3.09,overcast clouds,Bengaluru
2025-01-28 18:41:40.115954,25.12,42,3.09,overcast clouds,Bengaluru
2025-01-28 18:41:45.705486,25.12,42,3.09,overcast clouds,Bengaluru
2025-01-28 18:41:47.271617,25.12,42,3.09,overcast clouds,Bangalore
2025-01-28 18:41:48.256936,25.12,42,3.09,overcast clouds,Bengaluru
2025-01-28 18:42:00.527443,25.99,57,3.09,smoke,Mumbai
2025-01-28 18:42:20.968093,25.12,42,3.09,overcast clouds,Bengaluru
2025-01-28 18:42:24.218716,25.12,42,3.09,overcast clouds,Bengaluru
2025-01-28 18:42:54.981404,25.12,42,3.09,overcast clouds,Bangalore
2025-01-28 18:43:02.297863,25.99,57,3.09,smoke,Mumbai
2025-01-28 18:43:06.046013,16.85,16,1.91,clear sky,Jaipur
2025-01-28 18:45:53.698340,25.12,42,3.09,overcast clouds,Bangalore
2025-01-28 18:46:02.560787,18.05,52,1.54,haze,Delhi
2025-01-28 18:47:01.182323,16.35,30,0.94,clear sky,Lucknow
2025-01-28 18:47:55.817275,16.85,16,1.91,clear sky,Jaipur
2025-01-28 18:50:53.925083,16.35,30,0.94,clear sky,Lucknow
2025-01-28 18:52:55.915794,16.38,16,1.22,clear sky,Jaipur
2025-01-28 18:57:55.305541,16.38,16,1.22,clear sky,Jaipur
2025-01-28 18:58:27.753876,27.23,41,2.57,clear sky,Hyderabad
2025-01-28 18:58:55.027587,25.02,43,3.09,overcast clouds,Bangalore
2025-01-28 18:59:22.677768,26.62,72,4.12,mist,Chennai
2025-01-28 18:59:29.754901,18.05,52,1.54,haze,Delhi
2025-01-28 19:02:55.882201,18.05,52,1.54,haze,Delhi
2025-01-28 19:04:27.307413,26.62,72,4.12,mist,Chennai
2025-01-28 19:07:55.948291,26.62,72,4.12,mist,Chennai
2025-01-28 19:11:05.273271,23.85,46,3.09,overcast clouds,Bangalore
2025-01-28 19:13:33.695395,23.85,46,3.09,overcast clouds,Bangalore
2025-01-28 19:21:27.955519,23.19,51,4.12,overcast clouds,Bangalore
2025-01-28 19:26:25.712713,23.19,51,4.12,overcast clouds,Bangalore
2025-01-28 19:28:18.360584,23.19,51,4.12,overcast clouds,Bangalore
2025-01-28 19:28:30.937854,18.05,55,1.03,haze,Delhi
2025-01-28 19:29:28.766181,23.19,51,4.12,overcast clouds,Bangalore
2025-01-28 19:29:36.804405,18.05,55,1.03,haze,Delhi
2025-01-28 19:29:54.626675,26.56,72,3.6,mist,Chennai
2025-01-28 19:30:12.688196,23.19,51,4.12,overcast clouds,Bangalore
2025-01-28 19:30:23.306317,26.56,72,3.6,mist,Chennai
2025-01-28 19:30:31.042742,26.49,36,2.26,overcast clouds,Pune
2025-01-28 19:31:02.584516,23.02,51,4.12,overcast clouds,Bangalore
2025-01-28 19:31:10.087971,26.23,47,3.09,clear sky,Hyderabad
2025-01-28 19:31:31.128803,23.02,51,4.12,overcast clouds,Bangalore
2025-01-28 19:31:40.295960,18.05,55,1.03,haze,Delhi
2025-01-28 19:33:27.448031,23.02,51,4.12,overcast clouds,Bangalore
2025-01-28 19:34:56.822764,25.99,57,2.57,smoke,Mumbai
2025-01-28 19:36:02.945975,26.23,47,3.09,clear sky,Hyderabad
2025-01-28 19:38:28.146519,26.23,47,3.09,clear sky,Hyderabad
2025-01-28 19:42:04.606687,23.02,51,4.12,overcast clouds,Bangalore
2025-01-28 19:42:48.756958,23.02,51,4.12,overcast clouds,Bangalore
2025-01-28 19:43:05.195479,23.02,51,4.12,overcast clouds,Bangalore
2025-01-28 19:43:43.639782,22.89,52,4.12,overcast clouds,Bangalore
2025-01-28 19:44:09.684215,22.89,52,4.12,overcast clouds,Bangalore
2025-01-28 19:49:09.915445,22.89,52,4.12,overcast clouds,Bangalore
2025-01-29 10:29:36.385115,23.9,50,3.09,haze,Bangalore
2025-01-29 10:33:08.992195,25.23,50,3.6,haze,Hyderabad
2025-01-29 10:34:37.101686,25.23,50,3.6,haze,Hyderabad
2025-01-29 10:39:37.095244,25.23,50,3.6,haze,Hyderabad
2025-01-29 10:44:37.171360,25.23,50,3.6,haze,Hyderabad
2025-01-29 10:49:37.115091,25.23,50,3.6,haze,Hyderabad
2025-01-29 10:54:37.089734,26.23,47,3.6,haze,Hyderabad
